INSERT INTO Seccional (IdSeccional, Nombre, CIUDAD, Direccion, Telefono, RECTOR) VALUES
(1, 'Univ Santo tomas Sec. Tunja', 'TUNJA', 'Cra 11 # 3-38', 2147483647, 'Carlos Navas\r'),
(2, 'Univ Santo tomas Sec. Villavicencio', 'VILLAVICENCIO', 'Cra 11 # 3-39', 2147483647, 'Pedro Ortiz\r'),
(3, 'Univ Santo tomas Sec. Bucaramanga', 'BUCARAMANGA', 'Cra 11 # 3-40', 2147483647, 'Carlos Navas\r'),
(4, 'Univ Santo tomas Sec. Medellin', 'MEDELLIN', 'Cra 11 # 3-41', 2147483647, 'Pedro Ortiz\r'),
(5, 'Univ Santo tomas Sec. Bogota', 'BOGOTA', 'Cra 11 # 3-42', 2147483647, 'Carlos Navas\r'),
(6, 'Univ Santo tomas Sec. VUAD', 'VUAD', 'Cra 11 # 3-43', 2147483647, 'Pedro Ortiz');


INSERT INTO Divicion (IdDivicion, IdSeccional, NombreDivicion, DecanoDivicion, Direccion)
 VALUES
 (1,1,'Arquitectura','Edgar Medina','cra 11 #11-14'),
 (2,1,'Medicina','Alejandro Lopez','cra 11 #11-14'),
 (3,1,'Ingenieria','Cesar Murcia','cra 11 #11-14'),
 (4,1,'Artes','Diana Figueroa','cra 11 #11-14');
 
 
insert into sede (IdSede, IdSeccional, NombreSede, Direccion, CIUDAD) values (1, 3, 'CVR Energy', '83', 'Saint Paul');
insert into sede (IdSede, IdSeccional, NombreSede, Direccion, CIUDAD) values (2, 2, 'Teekay Tankers .', '997', 'Madīnat Sittah Uktūbar');
insert into sede (IdSede, IdSeccional, NombreSede, Direccion, CIUDAD) values (3, 2, 'Green Plains,', '7870', 'Ijero-Ekiti');
insert into sede (IdSede, IdSeccional, NombreSede, Direccion, CIUDAD) values (4, 1, 'Maxwell ,', '937', 'Gaotian');
insert into sede (IdSede, IdSeccional, NombreSede, Direccion, CIUDAD) values (5, 3, 'Monarch Casino & Resort,', '987', 'Panzhou');
insert into sede (IdSede, IdSeccional, NombreSede, Direccion, CIUDAD) values (6, 6, 'China Telecom  ', '03', 'Ehu');
insert into sede (IdSede, IdSeccional, NombreSede, Direccion, CIUDAD) values (7, 5, 'Andina Acquisition . II', '4', 'Lomé');
insert into sede (IdSede, IdSeccional, NombreSede, Direccion, CIUDAD) values (8, 4, 'Gray Television,', '5166', 'Shimen');
insert into sede (IdSede, IdSeccional, NombreSede, Direccion, CIUDAD) values (9, 1, 'TC PipeLines, LP', '4617', 'Mbongawani');
insert into sede (IdSede, IdSeccional, NombreSede, Direccion, CIUDAD) values (10, 3, 'Axovant Sciences .', '314', 'Chociwel');
insert into sede (IdSede, IdSeccional, NombreSede, Direccion, CIUDAD) values (11, 1, 'Suncor Energy ', '86927', 'Troyes');
insert into sede (IdSede, IdSeccional, NombreSede, Direccion, CIUDAD) values (12, 6, 'Bridge Ban,', '11040', 'Água de Pau');
insert into sede (IdSede, IdSeccional, NombreSede, Direccion, CIUDAD) values (13, 1, 'MasTec,', '5', 'Tsu-shi');
insert into sede (IdSede, IdSeccional, NombreSede, Direccion, CIUDAD) values (14, 2, 'Five Oaks  .', '7', 'Corumbá');
insert into sede (IdSede, IdSeccional, NombreSede, Direccion, CIUDAD) values (15, 5, 'Forterra,', '6114', 'Banjar Jabejero');
insert into sede (IdSede, IdSeccional, NombreSede, Direccion, CIUDAD) values (16, 4, 'Veritone,', '545', 'Xuchang');
insert into sede (IdSede, IdSeccional, NombreSede, Direccion, CIUDAD) values (17, 1, 'Mitcham Industries,', '65', 'Toupopu');
insert into sede (IdSede, IdSeccional, NombreSede, Direccion, CIUDAD) values (18, 4, 'Wal-Mart Stores,', '5', 'Aix-en-Provence');
insert into sede (IdSede, IdSeccional, NombreSede, Direccion, CIUDAD) values (19, 5, 'Coach,', '00541', 'Tours');
insert into sede (IdSede, IdSeccional, NombreSede, Direccion, CIUDAD) values (20, 4, 'CTI BioPharma .', '821', 'Guojiazhuang');
insert into sede (IdSede, IdSeccional, NombreSede, Direccion, CIUDAD) values (21, 3, 'Morgan Stanley', '583', 'Targuist');
insert into sede (IdSede, IdSeccional, NombreSede, Direccion, CIUDAD) values (22, 4, 'iShares d', '19137', 'Skopin');
insert into sede (IdSede, IdSeccional, NombreSede, Direccion, CIUDAD) values (23, 4, 'Arc Logistic Partners LP', '2331', 'Malandag');
insert into sede (IdSede, IdSeccional, NombreSede, Direccion, CIUDAD) values (24, 5, 'Otonomy,', '864', 'Adygeysk');
insert into sede (IdSede, IdSeccional, NombreSede, Direccion, CIUDAD) values (25, 6, 'CardConnect .', '39531', 'Bentar');
insert into sede (IdSede, IdSeccional, NombreSede, Direccion, CIUDAD) values (26, 1, 'Cara Therapeutics,', '4', 'Osiek');
insert into sede (IdSede, IdSeccional, NombreSede, Direccion, CIUDAD) values (27, 4, 'PennyMac Financial ,', '33', 'Petushki');
insert into sede (IdSede, IdSeccional, NombreSede, Direccion, CIUDAD) values (28, 2, 'Discovery ,', '594', 'Detusoko');
insert into sede (IdSede, IdSeccional, NombreSede, Direccion, CIUDAD) values (29, 6, 'Nuveen New Jerse', '3057', 'Suicheng');
insert into sede (IdSede, IdSeccional, NombreSede, Direccion, CIUDAD) values (30, 5, 'Fidelity Southern', '1616', 'Belyy Gorodok');
insert into sede (IdSede, IdSeccional, NombreSede, Direccion, CIUDAD) values (31, 1, ' Campus Cara ,', '4', 'Osiek');

INSERT INTO Facultad (IdFacultad, IdDivicion, NombreFacultad, Decano, Telefono)
 VALUES
 (1,1,'Diseño Grafico','Predo Perez',111111111),
 (2,1,'Arquitectura','Juan Cruz',1111111111),
 (3,2,'Odontologia','Felipe Limas',1111111111),
 (4,2,'Fisioterapia','Fredy Cardozo',1111111111),
 (5,2,'Radiologia','Gustavo Frezno',1111111111),
 (6,2,'Gastroenterologia','Jorge Rojas',1111111111),
 (7,3,'Ingenieria en Sistemas','Andres MEdina',1111111111),
 (8,3,'Ingenietia Electronica','Fredy Aponte',1111111111),
 (9,3,'Ingenieria Ambiental','Gustavo Guiza',1111111111),
 (10,3,'Ingenieria Industrial','Sergip Rojas',1111111111),
 (11,4,'Musica','Sergip Rodriguez',1111111111),
 (12,4,'Artes Escenicas','Nicolas Rojas',1111111111),
 (13,4,'Artes Plasticas','Andres Perez',1111111111),
 (14,4,'Poesia y Declamacion','Camila Restrepo',1111111111);
 


insert into Programa (IdPrograma, IdFacultad, NombrePrograma, MODALIDAD, Activo) values (1, 5, 'Asoka', 'Presencial', 'Activo');
insert into Programa (IdPrograma, IdFacultad, NombrePrograma, MODALIDAD, Activo) values (2, 5, 'Tresom', 'Virtual', 'Inactivo');
insert into Programa (IdPrograma, IdFacultad, NombrePrograma, MODALIDAD, Activo) values (3, 8, 'Alpha', 'Virtual', 'Inactivo');
insert into Programa (IdPrograma, IdFacultad, NombrePrograma, MODALIDAD, Activo) values (4, 2, 'Keylex', 'Virtual', 'Inactivo');
insert into Programa (IdPrograma, IdFacultad, NombrePrograma, MODALIDAD, Activo) values (5, 1, 'Viva', 'Virtual', 'Inactivo');
insert into Programa (IdPrograma, IdFacultad, NombrePrograma, MODALIDAD, Activo) values (6, 10, 'Fix San', 'Virtual', 'Inactivo');
insert into Programa (IdPrograma, IdFacultad, NombrePrograma, MODALIDAD, Activo) values (7, 1, 'Mat Lam Tam', 'Virtual', 'Inactivo');
insert into Programa (IdPrograma, IdFacultad, NombrePrograma, MODALIDAD, Activo) values (8, 9, 'Temp', 'Presencial', 'Inactivo');
insert into Programa (IdPrograma, IdFacultad, NombrePrograma, MODALIDAD, Activo) values (9, 9, 'Stim', 'Virtual', 'Activo');
insert into Programa (IdPrograma, IdFacultad, NombrePrograma, MODALIDAD, Activo) values (10, 2, 'Hatity', 'Virtual', 'Activo');
insert into Programa (IdPrograma, IdFacultad, NombrePrograma, MODALIDAD, Activo) values (11, 4, 'Lotlux', 'Virtual', 'Activo');
insert into Programa (IdPrograma, IdFacultad, NombrePrograma, MODALIDAD, Activo) values (12, 11, 'Zaam-Dox', 'Virtual', 'Inactivo');
insert into Programa (IdPrograma, IdFacultad, NombrePrograma, MODALIDAD, Activo) values (13, 3, 'Pannier', 'Presencial', 'Activo');
insert into Programa (IdPrograma, IdFacultad, NombrePrograma, MODALIDAD, Activo) values (14, 13, 'Solarbreeze', 'Presencial', 'Activo');
insert into Programa (IdPrograma, IdFacultad, NombrePrograma, MODALIDAD, Activo) values (15, 6, 'Treeflex', 'Virtual', 'Activo');
insert into Programa (IdPrograma, IdFacultad, NombrePrograma, MODALIDAD, Activo) values (16, 14, 'Gembucket', 'Presencial', 'Activo');
insert into Programa (IdPrograma, IdFacultad, NombrePrograma, MODALIDAD, Activo) values (17, 4, 'Zaam-Dox', 'Virtual', 'Inactivo');
insert into Programa (IdPrograma, IdFacultad, NombrePrograma, MODALIDAD, Activo) values (18, 14, 'Duobam', 'Presencial', 'Activo');
insert into Programa (IdPrograma, IdFacultad, NombrePrograma, MODALIDAD, Activo) values (19, 5, 'Zoolab', 'Virtual', 'Activo');
insert into Programa (IdPrograma, IdFacultad, NombrePrograma, MODALIDAD, Activo) values (20, 13, 'Matsoft', 'Virtual', 'Inactivo');
insert into Programa (IdPrograma, IdFacultad, NombrePrograma, MODALIDAD, Activo) values (21, 9, 'Regrant', 'Presencial', 'Inactivo');
insert into Programa (IdPrograma, IdFacultad, NombrePrograma, MODALIDAD, Activo) values (22, 11, 'Namfix', 'Presencial', 'Inactivo');
insert into Programa (IdPrograma, IdFacultad, NombrePrograma, MODALIDAD, Activo) values (23, 10, 'Regrant', 'Presencial', 'Activo');
insert into Programa (IdPrograma, IdFacultad, NombrePrograma, MODALIDAD, Activo) values (24, 6, 'Bitwolf', 'Presencial', 'Activo');
insert into Programa (IdPrograma, IdFacultad, NombrePrograma, MODALIDAD, Activo) values (25, 4, 'Konklux', 'Virtual', 'Inactivo');
insert into Programa (IdPrograma, IdFacultad, NombrePrograma, MODALIDAD, Activo) values (26, 14, 'Y-Solowarm', 'Presencial', 'Activo');
insert into Programa (IdPrograma, IdFacultad, NombrePrograma, MODALIDAD, Activo) values (27, 8, 'Stringtough', 'Presencial', 'Inactivo');
insert into Programa (IdPrograma, IdFacultad, NombrePrograma, MODALIDAD, Activo) values (28, 3, 'Tampflex', 'Virtual', 'Inactivo');
insert into Programa (IdPrograma, IdFacultad, NombrePrograma, MODALIDAD, Activo) values (29, 12, 'Fix San', 'Virtual', 'Inactivo');
insert into Programa (IdPrograma, IdFacultad, NombrePrograma, MODALIDAD, Activo) values (30, 6, 'Ventosanzap', 'Virtual', 'Inactivo');

INSERT INTO pensum (IdPensum, IdPrograma, Activo,Ofertamxestu)
VALUES
(1,1,'Activo','20 Estudiantes'),
(2,3,'Inactivo','30 Estudiantes'),
(4,2,'Activo','20 Estudiantes'),
(5,4,'Activo','30 Estudiantes'),
(6,5,'Inactivo','40 Estudiantes'),
(3,6,'Activo','40 Estudiantes'),
(8,9,'Activo','30 Estudiantes'),
(7,8,'Activo','40 Estudiantes'),
(9,7,'Inactivo','30 Estudiantes'),
(10,11,'Activo','40 Estudiantes'),
(11,10,'Activo','30 Estudiantes'),
(13,12,'Inactivo','20 Estudiantes'),
(12,13,'Activo','30 Estudiantes'),
(15,14,'Activo','20 Estudiantes'),
(16,15,'Inactivo','30 Estudiantes'),
(14,16,'Activo','40 Estudiantes'),
(18,17,'Inactivo','20 Estudiantes'),
(17,18,'Activo','40 Estudiantes'),
(19,20,'Activo','30 Estudiantes'),
(20,22,'Activo','40 Estudiantes'),
(22,23,'Inactivo','40 Estudiantes'),
(23,21,'Inactivo','40 Estudiantes'),
(21,21,'Activo','30 Estudiantes'),
(24,24,'Inactivo','30 Estudiantes'),
(25,25,'Activo','40 Estudiantes'),
(26,26,'Activo','20 Estudiantes'),
(27,27,'Inactivo','30 Estudiantes'),
(28,28,'Activo','30 Estudiantes'),
(29,29,'Activo','20 Estudiantes'),
(30,30,'Inactivo','40 Estudiantes');


INSERT INTO public.nivel (idnivelpensum, nivel, idpensum) VALUES(1, 1, 1);
INSERT INTO public.nivel (idnivelpensum, nivel, idpensum) VALUES(2, 2, 2);
INSERT INTO public.nivel (idnivelpensum, nivel, idpensum) VALUES(3, 3, 3);
INSERT INTO public.nivel (idnivelpensum, nivel, idpensum) VALUES(4, 4, 4);
INSERT INTO public.nivel (idnivelpensum, nivel, idpensum) VALUES(5, 5, 6);
INSERT INTO public.nivel (idnivelpensum, nivel, idpensum) VALUES(6, 6, 5);

insert into Persona (IdPersona, NumDocumento, FechaExpedicion, Nombres, Apellidos, LugarExpedicion, TipoDocumento, telefono, email, Direccion) values (1, 9788209, '1996-04-06', 'Yulma', 'Shale', 'Lühua', 'Pasaporte', '599-897-3817', 'NombresIdPersona@gmail.co', '343989789-3');
insert into Persona (IdPersona, NumDocumento, FechaExpedicion, Nombres, Apellidos, LugarExpedicion, TipoDocumento, telefono, email, Direccion) values (2, 5962873, '1999-10-16', 'Rina', 'Hathaway', 'Łomianki', 'Pasaporte', '959-283-0825', 'NombresIdPersona@gmail.co', '506725127-1');
insert into Persona (IdPersona, NumDocumento, FechaExpedicion, Nombres, Apellidos, LugarExpedicion, TipoDocumento, telefono, email, Direccion) values (3, 8061837, '2001-10-06', 'Von', 'Minnock', 'Likasi', 'Pasaporte', '428-810-6244', 'NombresIdPersona@gmail.co', '521567991-6');
insert into Persona (IdPersona, NumDocumento, FechaExpedicion, Nombres, Apellidos, LugarExpedicion, TipoDocumento, telefono, email, Direccion) values (4, 1356162, '1996-07-02', 'Kinnie', 'Lindeman', 'Serzedo', 'TI', '129-919-5675', 'NombresIdPersona@gmail.co', '342438658-8');
insert into Persona (IdPersona, NumDocumento, FechaExpedicion, Nombres, Apellidos, LugarExpedicion, TipoDocumento, telefono, email, Direccion) values (5, 5952653, '1991-06-14', 'Kimberlyn', 'Attril', 'Goiana', 'Pasaporte', '585-386-4249', 'NombresIdPersona@gmail.co', '620465886-7');
insert into Persona (IdPersona, NumDocumento, FechaExpedicion, Nombres, Apellidos, LugarExpedicion, TipoDocumento, telefono, email, Direccion) values (6, 187577, '1996-06-19', 'Cart', 'Kibbe', 'Shuangfeng', 'Pasaporte', '870-599-3316', 'NombresIdPersona@gmail.co', '568926534-9');
insert into Persona (IdPersona, NumDocumento, FechaExpedicion, Nombres, Apellidos, LugarExpedicion, TipoDocumento, telefono, email, Direccion) values (7, 1033528, '1992-02-06', 'Marya', 'Leworthy', 'Macaíba', 'TI', '824-378-4838', 'NombresIdPersona@gmail.co', '120499307-6');
insert into Persona (IdPersona, NumDocumento, FechaExpedicion, Nombres, Apellidos, LugarExpedicion, TipoDocumento, telefono, email, Direccion) values (8, 9457482, '2001-09-02', 'Tanya', 'Donnersberg', 'Spuž', 'CC', '311-424-8354', 'NombresIdPersona@gmail.co', '644830994-2');
insert into Persona (IdPersona, NumDocumento, FechaExpedicion, Nombres, Apellidos, LugarExpedicion, TipoDocumento, telefono, email, Direccion) values (9, 6695742, '1992-05-26', 'Neda', 'O''Leahy', 'Arcueil', 'CC', '816-344-9040', 'NombresIdPersona@gmail.co', '717169034-2');
insert into Persona (IdPersona, NumDocumento, FechaExpedicion, Nombres, Apellidos, LugarExpedicion, TipoDocumento, telefono, email, Direccion) values (10, 6643571, '1991-07-11', 'Barrie', 'Aspole', 'Xiaolong', 'Pasaporte', '072-132-0335', 'NombresIdPersona@gmail.co', '863189796-5');
insert into Persona (IdPersona, NumDocumento, FechaExpedicion, Nombres, Apellidos, LugarExpedicion, TipoDocumento, telefono, email, Direccion) values (11, 4032435, '1998-06-22', 'Sophia', 'Surgener', 'Chynadiyovo', 'Pasaporte', '883-033-7378', 'NombresIdPersona@gmail.co', '731956340-1');
insert into Persona (IdPersona, NumDocumento, FechaExpedicion, Nombres, Apellidos, LugarExpedicion, TipoDocumento, telefono, email, Direccion) values (12, 5338018, '1992-12-12', 'Gabbey', 'Burnard', 'Nynäshamn', 'CC', '792-480-5990', 'NombresIdPersona@gmail.co', '188171791-7');
insert into Persona (IdPersona, NumDocumento, FechaExpedicion, Nombres, Apellidos, LugarExpedicion, TipoDocumento, telefono, email, Direccion) values (13, 4816515, '1995-04-05', 'Karlotte', 'Brychan', 'Coxim', 'Pasaporte', '210-820-4431', 'NombresIdPersona@gmail.co', '064770946-5');
insert into Persona (IdPersona, NumDocumento, FechaExpedicion, Nombres, Apellidos, LugarExpedicion, TipoDocumento, telefono, email, Direccion) values (14, 9048005, '1991-10-25', 'Onofredo', 'Siemandl', 'Agraharam', 'CC', '196-330-1588', 'NombresIdPersona@gmail.co', '056236446-3');
insert into Persona (IdPersona, NumDocumento, FechaExpedicion, Nombres, Apellidos, LugarExpedicion, TipoDocumento, telefono, email, Direccion) values (15, 4283573, '1994-03-18', 'Cecilius', 'Le Barr', 'Linxi', 'TI', '860-364-9963', 'NombresIdPersona@gmail.co', '355927403-6');
insert into Persona (IdPersona, NumDocumento, FechaExpedicion, Nombres, Apellidos, LugarExpedicion, TipoDocumento, telefono, email, Direccion) values (16, 9192267, '2001-04-18', 'Trina', 'Kender', 'Astanajapura', 'Pasaporte', '589-934-7264', 'NombresIdPersona@gmail.co', '909449272-5');
insert into Persona (IdPersona, NumDocumento, FechaExpedicion, Nombres, Apellidos, LugarExpedicion, TipoDocumento, telefono, email, Direccion) values (17, 8194261, '2000-02-16', 'Thibaud', 'Clyde', 'Józefów', 'TI', '231-768-8430', 'NombresIdPersona@gmail.co', '530234682-6');
insert into Persona (IdPersona, NumDocumento, FechaExpedicion, Nombres, Apellidos, LugarExpedicion, TipoDocumento, telefono, email, Direccion) values (18, 1981605, '1995-12-17', 'Elmira', 'Branscomb', 'Shangfang', 'TI', '985-387-2034', 'NombresIdPersona@gmail.co', '387584634-6');
insert into Persona (IdPersona, NumDocumento, FechaExpedicion, Nombres, Apellidos, LugarExpedicion, TipoDocumento, telefono, email, Direccion) values (19, 1707334, '1991-08-01', 'Cherie', 'Lanchbury', 'Bachowice', 'CC', '224-539-2121', 'NombresIdPersona@gmail.co', '360110809-7');
insert into Persona (IdPersona, NumDocumento, FechaExpedicion, Nombres, Apellidos, LugarExpedicion, TipoDocumento, telefono, email, Direccion) values (20, 5278061, '1996-05-19', 'Luz', 'Lambis', 'Yartsevo', 'TI', '509-833-5358', 'NombresIdPersona@gmail.co', '375050194-7');
insert into Persona (IdPersona, NumDocumento, FechaExpedicion, Nombres, Apellidos, LugarExpedicion, TipoDocumento, telefono, email, Direccion) values (21, 3744939, '1996-05-17', 'Brynn', 'Oliphand', 'San Ramón', 'CC', '619-090-0615', 'NombresIdPersona@gmail.co', '518858419-0');
insert into Persona (IdPersona, NumDocumento, FechaExpedicion, Nombres, Apellidos, LugarExpedicion, TipoDocumento, telefono, email, Direccion) values (22, 2936656, '1994-05-22', 'Delmor', 'Cockerill', 'Tía Juana', 'TI', '771-014-7795', 'NombresIdPersona@gmail.co', '235752910-5');
insert into Persona (IdPersona, NumDocumento, FechaExpedicion, Nombres, Apellidos, LugarExpedicion, TipoDocumento, telefono, email, Direccion) values (23, 8127291, '1995-12-14', 'Pru', 'Succamore', 'Pangkalan Kasai', 'Pasaporte', '706-244-9672', 'NombresIdPersona@gmail.co', '431428700-4');
insert into Persona (IdPersona, NumDocumento, FechaExpedicion, Nombres, Apellidos, LugarExpedicion, TipoDocumento, telefono, email, Direccion) values (24, 3063659, '1999-06-05', 'Dedie', 'Lyddyard', 'Wageningen', 'Pasaporte', '515-472-2380', 'NombresIdPersona@gmail.co', '329539813-5');
insert into Persona (IdPersona, NumDocumento, FechaExpedicion, Nombres, Apellidos, LugarExpedicion, TipoDocumento, telefono, email, Direccion) values (25, 7481382, '1997-04-01', 'Iago', 'Dorwood', 'Malaḩ', 'Pasaporte', '840-164-9723', 'NombresIdPersona@gmail.co', '478935357-5');
insert into Persona (IdPersona, NumDocumento, FechaExpedicion, Nombres, Apellidos, LugarExpedicion, TipoDocumento, telefono, email, Direccion) values (26, 4932813, '1991-10-06', 'Ky', 'Nealy', 'Lisboa', 'CC', '897-144-7651', 'NombresIdPersona@gmail.co', '746952794-X');
insert into Persona (IdPersona, NumDocumento, FechaExpedicion, Nombres, Apellidos, LugarExpedicion, TipoDocumento, telefono, email, Direccion) values (27, 3445131, '1992-06-04', 'Pierre', 'Batrim', 'Lameiras', 'Pasaporte', '539-700-4604', 'NombresIdPersona@gmail.co', '864833739-9');
insert into Persona (IdPersona, NumDocumento, FechaExpedicion, Nombres, Apellidos, LugarExpedicion, TipoDocumento, telefono, email, Direccion) values (28, 3439838, '1995-01-15', 'Marian', 'Astley', 'Ulan Us', 'Pasaporte', '685-721-7515', 'NombresIdPersona@gmail.co', '914873543-4');
insert into Persona (IdPersona, NumDocumento, FechaExpedicion, Nombres, Apellidos, LugarExpedicion, TipoDocumento, telefono, email, Direccion) values (29, 9221020, '2001-09-24', 'Matti', 'Musgrave', 'Lancai', 'TI', '362-024-3390', 'NombresIdPersona@gmail.co', '628136346-9');
insert into Persona (IdPersona, NumDocumento, FechaExpedicion, Nombres, Apellidos, LugarExpedicion, TipoDocumento, telefono, email, Direccion) values (30, 221312, '1994-01-14', 'Susi', 'Fairbourn', 'Al Hijrah', 'Pasaporte', '298-532-0779', 'NombresIdPersona@gmail.co', '768101501-9');
insert into Persona (IdPersona, NumDocumento, FechaExpedicion, Nombres, Apellidos, LugarExpedicion, TipoDocumento, telefono, email, Direccion) values (31, 256557, '1994-11-14', 'Rafaelia', 'Heineken', 'Mölndal', 'CC', '864-361-4398', 'NombresIdPersona@gmail.co', '633107503-8');
insert into Persona (IdPersona, NumDocumento, FechaExpedicion, Nombres, Apellidos, LugarExpedicion, TipoDocumento, telefono, email, Direccion) values (32, 2865480, '1995-09-01', 'Zsazsa', 'Hallex', 'Adassil', 'TI', '174-152-0975', 'NombresIdPersona@gmail.co', '358853233-1');
insert into Persona (IdPersona, NumDocumento, FechaExpedicion, Nombres, Apellidos, LugarExpedicion, TipoDocumento, telefono, email, Direccion) values (33, 3161583, '1995-09-04', 'Fredra', 'Osgarby', 'Bribir', 'Pasaporte', '204-704-0754', 'NombresIdPersona@gmail.co', '478239400-4');
insert into Persona (IdPersona, NumDocumento, FechaExpedicion, Nombres, Apellidos, LugarExpedicion, TipoDocumento, telefono, email, Direccion) values (34, 5714857, '1999-08-29', 'Wendie', 'Braham', 'Dasht-e Lati', 'TI', '618-813-6906', 'NombresIdPersona@gmail.co', '476548296-0');
insert into Persona (IdPersona, NumDocumento, FechaExpedicion, Nombres, Apellidos, LugarExpedicion, TipoDocumento, telefono, email, Direccion) values (35, 6305008, '1994-03-08', 'Paco', 'Moulton', 'Norsborg', 'CC', '425-859-4158', 'NombresIdPersona@gmail.co', '336264227-6');
insert into Persona (IdPersona, NumDocumento, FechaExpedicion, Nombres, Apellidos, LugarExpedicion, TipoDocumento, telefono, email, Direccion) values (36, 2654291, '1993-08-20', 'Dorine', 'Heard', 'Los Angeles', 'CC', '722-028-9645', 'NombresIdPersona@gmail.co', '821978678-7');
insert into Persona (IdPersona, NumDocumento, FechaExpedicion, Nombres, Apellidos, LugarExpedicion, TipoDocumento, telefono, email, Direccion) values (37, 9317377, '2002-08-01', 'Jackqueline', 'Vasishchev', 'Xinmin', 'CC', '913-540-6756', 'NombresIdPersona@gmail.co', '486635247-7');
insert into Persona (IdPersona, NumDocumento, FechaExpedicion, Nombres, Apellidos, LugarExpedicion, TipoDocumento, telefono, email, Direccion) values (38, 760318, '1994-02-10', 'Amos', 'Ockland', 'Francisco Beltrão', 'CC', '790-068-3074', 'NombresIdPersona@gmail.co', '973617118-3');
insert into Persona (IdPersona, NumDocumento, FechaExpedicion, Nombres, Apellidos, LugarExpedicion, TipoDocumento, telefono, email, Direccion) values (39, 3608956, '1997-07-05', 'Poppy', 'Dedenham', 'Cochabamba', 'Pasaporte', '861-628-4981', 'NombresIdPersona@gmail.co', '060688832-2');
insert into Persona (IdPersona, NumDocumento, FechaExpedicion, Nombres, Apellidos, LugarExpedicion, TipoDocumento, telefono, email, Direccion) values (40, 3791667, '1992-05-31', 'Selinda', 'Menichillo', 'Houk', 'CC', '793-503-3116', 'NombresIdPersona@gmail.co', '578282792-0');
insert into Persona (IdPersona, NumDocumento, FechaExpedicion, Nombres, Apellidos, LugarExpedicion, TipoDocumento, telefono, email, Direccion) values (41, 4334507, '1992-12-13', 'Olin', 'Rimour', 'Tahara', 'CC', '024-836-9910', 'NombresIdPersona@gmail.co', '447895527-1');
insert into Persona (IdPersona, NumDocumento, FechaExpedicion, Nombres, Apellidos, LugarExpedicion, TipoDocumento, telefono, email, Direccion) values (42, 4994706, '1997-04-11', 'Josee', 'Netting', 'Sarpsborg', 'CC', '974-917-6398', 'NombresIdPersona@gmail.co', '235074608-9');
insert into Persona (IdPersona, NumDocumento, FechaExpedicion, Nombres, Apellidos, LugarExpedicion, TipoDocumento, telefono, email, Direccion) values (43, 861099, '1994-12-14', 'Etty', 'Tattersdill', 'San Juan', 'TI', '241-882-3746', 'NombresIdPersona@gmail.co', '662400980-2');
insert into Persona (IdPersona, NumDocumento, FechaExpedicion, Nombres, Apellidos, LugarExpedicion, TipoDocumento, telefono, email, Direccion) values (44, 3923564, '2000-04-28', 'Fulton', 'Flori', 'Créteil', 'Pasaporte', '843-090-5492', 'NombresIdPersona@gmail.co', '581979335-8');
insert into Persona (IdPersona, NumDocumento, FechaExpedicion, Nombres, Apellidos, LugarExpedicion, TipoDocumento, telefono, email, Direccion) values (45, 6192339, '1992-06-30', 'Vidovic', 'Jent', 'Karantaba', 'TI', '085-687-5779', 'NombresIdPersona@gmail.co', '458048122-4');
insert into Persona (IdPersona, NumDocumento, FechaExpedicion, Nombres, Apellidos, LugarExpedicion, TipoDocumento, telefono, email, Direccion) values (46, 5544440, '1991-07-28', 'Amy', 'Mullan', 'Alīābad', 'Pasaporte', '850-083-2227', 'NombresIdPersona@gmail.co', '038460921-X');
insert into Persona (IdPersona, NumDocumento, FechaExpedicion, Nombres, Apellidos, LugarExpedicion, TipoDocumento, telefono, email, Direccion) values (47, 6861816, '1994-06-23', 'Phaidra', 'Conkay', 'Al Quwaysimah', 'CC', '307-436-6790', 'NombresIdPersona@gmail.co', '708833116-0');
insert into Persona (IdPersona, NumDocumento, FechaExpedicion, Nombres, Apellidos, LugarExpedicion, TipoDocumento, telefono, email, Direccion) values (48, 7256778, '2001-06-24', 'Rory', 'Roscam', 'Raciążek', 'CC', '691-565-1371', 'NombresIdPersona@gmail.co', '597441013-0');
insert into Persona (IdPersona, NumDocumento, FechaExpedicion, Nombres, Apellidos, LugarExpedicion, TipoDocumento, telefono, email, Direccion) values (49, 6096642, '1993-10-10', 'Hendrik', 'Coot', 'Masiga', 'Pasaporte', '962-649-7205', 'NombresIdPersona@gmail.co', '631641750-0');
insert into Persona (IdPersona, NumDocumento, FechaExpedicion, Nombres, Apellidos, LugarExpedicion, TipoDocumento, telefono, email, Direccion) values (50, 4557331, '2001-08-10', 'Kristy', 'Stirrup', 'Thành Phố Thái Bình', 'Pasaporte', '920-731-7126', 'NombresIdPersona@gmail.co', '373253616-5');
insert into Persona (IdPersona, NumDocumento, FechaExpedicion, Nombres, Apellidos, LugarExpedicion, TipoDocumento, telefono, email, Direccion) values (51, 4272008, '1999-03-03', 'Rory', 'Arckoll', 'San José de Comayagua', 'CC', '710-755-9941', 'NombresIdPersona@gmail.co', '786715473-6');
insert into Persona (IdPersona, NumDocumento, FechaExpedicion, Nombres, Apellidos, LugarExpedicion, TipoDocumento, telefono, email, Direccion) values (52, 4546118, '1994-07-06', 'Read', 'Portwain', 'Argungu', 'TI', '835-293-4565', 'NombresIdPersona@gmail.co', '580335672-7');
insert into Persona (IdPersona, NumDocumento, FechaExpedicion, Nombres, Apellidos, LugarExpedicion, TipoDocumento, telefono, email, Direccion) values (53, 4841088, '1998-10-10', 'Malena', 'Jurn', 'Antou', 'CC', '994-491-6699', 'NombresIdPersona@gmail.co', '073302247-2');
insert into Persona (IdPersona, NumDocumento, FechaExpedicion, Nombres, Apellidos, LugarExpedicion, TipoDocumento, telefono, email, Direccion) values (54, 7489601, '2002-05-06', 'Dorise', 'Cowling', 'Quimistán', 'TI', '447-328-5271', 'NombresIdPersona@gmail.co', '106164736-6');
insert into Persona (IdPersona, NumDocumento, FechaExpedicion, Nombres, Apellidos, LugarExpedicion, TipoDocumento, telefono, email, Direccion) values (55, 7790981, '1999-08-28', 'Alisha', 'Quilkin', 'Mayisad', 'TI', '573-071-0209', 'NombresIdPersona@gmail.co', '819715445-7');
insert into Persona (IdPersona, NumDocumento, FechaExpedicion, Nombres, Apellidos, LugarExpedicion, TipoDocumento, telefono, email, Direccion) values (56, 5418523, '1992-09-05', 'Ches', 'Aberdein', 'Maji', 'CC', '532-431-9436', 'NombresIdPersona@gmail.co', '552587393-1');
insert into Persona (IdPersona, NumDocumento, FechaExpedicion, Nombres, Apellidos, LugarExpedicion, TipoDocumento, telefono, email, Direccion) values (57, 3029367, '2000-10-29', 'Manya', 'Hannabuss', 'Karangsonojabon', 'CC', '563-526-2773', 'NombresIdPersona@gmail.co', '860889084-4');
insert into Persona (IdPersona, NumDocumento, FechaExpedicion, Nombres, Apellidos, LugarExpedicion, TipoDocumento, telefono, email, Direccion) values (58, 5623250, '1993-05-10', 'Liana', 'Tollmache', 'West Palm Beach', 'CC', '364-011-1844', 'NombresIdPersona@gmail.co', '100763429-4');
insert into Persona (IdPersona, NumDocumento, FechaExpedicion, Nombres, Apellidos, LugarExpedicion, TipoDocumento, telefono, email, Direccion) values (59, 9640105, '1999-12-31', 'Koralle', 'Yedy', 'Gokwe', 'Pasaporte', '428-249-6943', 'NombresIdPersona@gmail.co', '936163759-2');
insert into Persona (IdPersona, NumDocumento, FechaExpedicion, Nombres, Apellidos, LugarExpedicion, TipoDocumento, telefono, email, Direccion) values (60, 5395453, '1993-03-14', 'Brockie', 'Tregiddo', 'Žeravice', 'TI', '261-686-3054', 'NombresIdPersona@gmail.co', '485481603-1');
insert into Persona (IdPersona, NumDocumento, FechaExpedicion, Nombres, Apellidos, LugarExpedicion, TipoDocumento, telefono, email, Direccion) values (61, 5115071, '1997-08-06', 'Dieter', 'Revans', 'Koysinceq', 'Pasaporte', '569-605-7484', 'NombresIdPersona@gmail.co', '310169420-5');
insert into Persona (IdPersona, NumDocumento, FechaExpedicion, Nombres, Apellidos, LugarExpedicion, TipoDocumento, telefono, email, Direccion) values (62, 9657127, '1998-04-29', 'Ingelbert', 'Baglin', 'Limbalod', 'TI', '144-408-7844', 'NombresIdPersona@gmail.co', '417592642-9');
insert into Persona (IdPersona, NumDocumento, FechaExpedicion, Nombres, Apellidos, LugarExpedicion, TipoDocumento, telefono, email, Direccion) values (63, 4679257, '1999-01-03', 'Elizabeth', 'Strognell', 'Huzhou', 'TI', '949-978-3143', 'NombresIdPersona@gmail.co', '855316330-X');
insert into Persona (IdPersona, NumDocumento, FechaExpedicion, Nombres, Apellidos, LugarExpedicion, TipoDocumento, telefono, email, Direccion) values (64, 2810402, '2000-08-15', 'Genia', 'Dayment', 'Ikalamavony', 'Pasaporte', '072-687-3638', 'NombresIdPersona@gmail.co', '640300132-9');
insert into Persona (IdPersona, NumDocumento, FechaExpedicion, Nombres, Apellidos, LugarExpedicion, TipoDocumento, telefono, email, Direccion) values (65, 7720134, '1991-02-26', 'Idaline', 'Kennewell', 'Chartres', 'CC', '838-657-9446', 'NombresIdPersona@gmail.co', '734656555-X');
insert into Persona (IdPersona, NumDocumento, FechaExpedicion, Nombres, Apellidos, LugarExpedicion, TipoDocumento, telefono, email, Direccion) values (66, 4950725, '1999-12-17', 'Barnabas', 'Royans', 'Fengxian', 'CC', '116-108-2735', 'NombresIdPersona@gmail.co', '738823228-1');
insert into Persona (IdPersona, NumDocumento, FechaExpedicion, Nombres, Apellidos, LugarExpedicion, TipoDocumento, telefono, email, Direccion) values (67, 4274301, '2000-02-08', 'Thorstein', 'Bourton', 'Muting', 'TI', '293-861-9651', 'NombresIdPersona@gmail.co', '658714619-8');
insert into Persona (IdPersona, NumDocumento, FechaExpedicion, Nombres, Apellidos, LugarExpedicion, TipoDocumento, telefono, email, Direccion) values (68, 586491, '1992-08-20', 'Doralynn', 'Chalkly', 'Kuandian', 'Pasaporte', '360-072-6344', 'NombresIdPersona@gmail.co', '560180733-7');
insert into Persona (IdPersona, NumDocumento, FechaExpedicion, Nombres, Apellidos, LugarExpedicion, TipoDocumento, telefono, email, Direccion) values (69, 3304909, '1999-11-25', 'Dunc', 'Hassent', 'Sultan Kudarat', 'TI', '562-360-9884', 'NombresIdPersona@gmail.co', '696589148-3');
insert into Persona (IdPersona, NumDocumento, FechaExpedicion, Nombres, Apellidos, LugarExpedicion, TipoDocumento, telefono, email, Direccion) values (70, 2550786, '1999-02-21', 'Elli', 'Polglaze', 'Yangdun', 'CC', '566-366-6573', 'NombresIdPersona@gmail.co', '550950753-5');
insert into Persona (IdPersona, NumDocumento, FechaExpedicion, Nombres, Apellidos, LugarExpedicion, TipoDocumento, telefono, email, Direccion) values (71, 9403925, '1996-11-17', 'Timotheus', 'Heliar', 'Changchi', 'TI', '808-794-8950', 'NombresIdPersona@gmail.co', '364844450-6');
insert into Persona (IdPersona, NumDocumento, FechaExpedicion, Nombres, Apellidos, LugarExpedicion, TipoDocumento, telefono, email, Direccion) values (72, 4322915, '1998-03-27', 'Ricky', 'Heed', 'Nāḩīyat Saddat al Hindīyah', 'TI', '003-208-6991', 'NombresIdPersona@gmail.co', '718651691-2');
insert into Persona (IdPersona, NumDocumento, FechaExpedicion, Nombres, Apellidos, LugarExpedicion, TipoDocumento, telefono, email, Direccion) values (73, 7468295, '1995-07-04', 'Rhianon', 'Pittam', 'La Loma', 'Pasaporte', '892-857-5863', 'NombresIdPersona@gmail.co', '579437875-1');
insert into Persona (IdPersona, NumDocumento, FechaExpedicion, Nombres, Apellidos, LugarExpedicion, TipoDocumento, telefono, email, Direccion) values (74, 765518, '1991-10-15', 'Steward', 'Mowling', 'Luopioinen', 'TI', '958-695-8842', 'NombresIdPersona@gmail.co', '984738354-5');
insert into Persona (IdPersona, NumDocumento, FechaExpedicion, Nombres, Apellidos, LugarExpedicion, TipoDocumento, telefono, email, Direccion) values (75, 4379078, '1991-11-25', 'Dag', 'Kilmary', 'Semibratovo', 'TI', '749-740-5615', 'NombresIdPersona@gmail.co', '327119957-4');
insert into Persona (IdPersona, NumDocumento, FechaExpedicion, Nombres, Apellidos, LugarExpedicion, TipoDocumento, telefono, email, Direccion) values (76, 9808120, '1995-03-20', 'Earvin', 'Louis', 'Sobienie Jeziory', 'TI', '971-404-7907', 'NombresIdPersona@gmail.co', '153070562-2');
insert into Persona (IdPersona, NumDocumento, FechaExpedicion, Nombres, Apellidos, LugarExpedicion, TipoDocumento, telefono, email, Direccion) values (77, 4448612, '1997-02-25', 'Susi', 'Brettoner', 'Tanahbeureum', 'Pasaporte', '551-308-3723', 'NombresIdPersona@gmail.co', '149918753-X');
insert into Persona (IdPersona, NumDocumento, FechaExpedicion, Nombres, Apellidos, LugarExpedicion, TipoDocumento, telefono, email, Direccion) values (78, 3999417, '1991-12-08', 'Nina', 'Shrimptone', 'Luodian', 'Pasaporte', '061-280-6167', 'NombresIdPersona@gmail.co', '063384142-0');
insert into Persona (IdPersona, NumDocumento, FechaExpedicion, Nombres, Apellidos, LugarExpedicion, TipoDocumento, telefono, email, Direccion) values (79, 9468133, '1994-03-31', 'Adda', 'Wort', 'União da Vitória', 'TI', '041-767-6417', 'NombresIdPersona@gmail.co', '899271741-5');
insert into Persona (IdPersona, NumDocumento, FechaExpedicion, Nombres, Apellidos, LugarExpedicion, TipoDocumento, telefono, email, Direccion) values (80, 545512, '1994-06-01', 'Muffin', 'List', 'Berezivka', 'Pasaporte', '481-628-5572', 'NombresIdPersona@gmail.co', '434388275-6');
insert into Persona (IdPersona, NumDocumento, FechaExpedicion, Nombres, Apellidos, LugarExpedicion, TipoDocumento, telefono, email, Direccion) values (81, 3281829, '1999-07-10', 'Lettie', 'Bolderson', 'Tanjung Timur', 'TI', '502-079-2978', 'NombresIdPersona@gmail.co', '543015235-8');
insert into Persona (IdPersona, NumDocumento, FechaExpedicion, Nombres, Apellidos, LugarExpedicion, TipoDocumento, telefono, email, Direccion) values (82, 9117576, '2001-08-14', 'Traci', 'Shyres', 'Karangbenda', 'CC', '437-234-3064', 'NombresIdPersona@gmail.co', '569011966-0');
insert into Persona (IdPersona, NumDocumento, FechaExpedicion, Nombres, Apellidos, LugarExpedicion, TipoDocumento, telefono, email, Direccion) values (83, 6748246, '1998-01-21', 'Wallie', 'Bravery', 'Khovaling', 'TI', '900-388-7544', 'NombresIdPersona@gmail.co', '261529037-1');
insert into Persona (IdPersona, NumDocumento, FechaExpedicion, Nombres, Apellidos, LugarExpedicion, TipoDocumento, telefono, email, Direccion) values (84, 8034476, '2002-10-11', 'Salvidor', 'Lidgerton', 'Askiz', 'Pasaporte', '446-196-8826', 'NombresIdPersona@gmail.co', '175836906-X');
insert into Persona (IdPersona, NumDocumento, FechaExpedicion, Nombres, Apellidos, LugarExpedicion, TipoDocumento, telefono, email, Direccion) values (85, 8080771, '1998-01-04', 'Candie', 'Heather', 'Nicoya', 'TI', '169-515-1150', 'NombresIdPersona@gmail.co', '128772267-9');
insert into Persona (IdPersona, NumDocumento, FechaExpedicion, Nombres, Apellidos, LugarExpedicion, TipoDocumento, telefono, email, Direccion) values (86, 2489467, '1995-06-11', 'Tucky', 'McAne', 'Champagnole', 'CC', '333-321-3852', 'NombresIdPersona@gmail.co', '889082015-2');
insert into Persona (IdPersona, NumDocumento, FechaExpedicion, Nombres, Apellidos, LugarExpedicion, TipoDocumento, telefono, email, Direccion) values (87, 4357468, '2000-09-23', 'Herve', 'Impson', 'Terjan', 'CC', '484-509-9815', 'NombresIdPersona@gmail.co', '594388255-3');
insert into Persona (IdPersona, NumDocumento, FechaExpedicion, Nombres, Apellidos, LugarExpedicion, TipoDocumento, telefono, email, Direccion) values (88, 8947561, '2000-01-13', 'Gottfried', 'Mullin', 'Nanam', 'CC', '869-963-6802', 'NombresIdPersona@gmail.co', '156429202-9');
insert into Persona (IdPersona, NumDocumento, FechaExpedicion, Nombres, Apellidos, LugarExpedicion, TipoDocumento, telefono, email, Direccion) values (89, 2847221, '2001-05-31', 'Pauletta', 'Eaklee', 'Alvarães', 'TI', '661-816-4115', 'NombresIdPersona@gmail.co', '248297275-2');
insert into Persona (IdPersona, NumDocumento, FechaExpedicion, Nombres, Apellidos, LugarExpedicion, TipoDocumento, telefono, email, Direccion) values (90, 6301264, '1994-07-22', 'Miriam', 'Johantges', 'Laslovo', 'TI', '616-294-9092', 'NombresIdPersona@gmail.co', '021572057-1');
insert into Persona (IdPersona, NumDocumento, FechaExpedicion, Nombres, Apellidos, LugarExpedicion, TipoDocumento, telefono, email, Direccion) values (91, 500973, '1997-06-18', 'Vern', 'Petti', 'Jacksonville', 'TI', '915-190-9114', 'NombresIdPersona@gmail.co', '997287620-9');
insert into Persona (IdPersona, NumDocumento, FechaExpedicion, Nombres, Apellidos, LugarExpedicion, TipoDocumento, telefono, email, Direccion) values (92, 4001480, '1999-08-29', 'Creighton', 'Cuer', 'Gomunice', 'Pasaporte', '992-258-1155', 'NombresIdPersona@gmail.co', '784454849-5');
insert into Persona (IdPersona, NumDocumento, FechaExpedicion, Nombres, Apellidos, LugarExpedicion, TipoDocumento, telefono, email, Direccion) values (93, 2555357, '1991-06-04', 'Jamill', 'Deverose', 'Mosteiros', 'CC', '571-498-8799', 'NombresIdPersona@gmail.co', '002454236-9');
insert into Persona (IdPersona, NumDocumento, FechaExpedicion, Nombres, Apellidos, LugarExpedicion, TipoDocumento, telefono, email, Direccion) values (94, 8792381, '2002-08-01', 'Danette', 'Parradye', 'Zhuangshi', 'CC', '280-691-3454', 'NombresIdPersona@gmail.co', '759800916-3');
insert into Persona (IdPersona, NumDocumento, FechaExpedicion, Nombres, Apellidos, LugarExpedicion, TipoDocumento, telefono, email, Direccion) values (95, 2128516, '1997-05-31', 'Devonna', 'Eustanch', 'Changtang', 'TI', '903-466-2470', 'NombresIdPersona@gmail.co', '946623288-6');
insert into Persona (IdPersona, NumDocumento, FechaExpedicion, Nombres, Apellidos, LugarExpedicion, TipoDocumento, telefono, email, Direccion) values (96, 6995355, '1998-11-22', 'Wolfie', 'Gibberd', 'Hengshitang', 'Pasaporte', '953-962-6931', 'NombresIdPersona@gmail.co', '179955909-2');
insert into Persona (IdPersona, NumDocumento, FechaExpedicion, Nombres, Apellidos, LugarExpedicion, TipoDocumento, telefono, email, Direccion) values (97, 6897324, '2000-09-15', 'Hilly', 'Mereweather', 'Varnávas', 'TI', '303-270-6966', 'NombresIdPersona@gmail.co', '107415765-6');
insert into Persona (IdPersona, NumDocumento, FechaExpedicion, Nombres, Apellidos, LugarExpedicion, TipoDocumento, telefono, email, Direccion) values (98, 3927481, '1991-09-09', 'Beilul', 'Tacon', 'Standerton', 'CC', '761-943-4132', 'NombresIdPersona@gmail.co', '067144152-3');
insert into Persona (IdPersona, NumDocumento, FechaExpedicion, Nombres, Apellidos, LugarExpedicion, TipoDocumento, telefono, email, Direccion) values (99, 7936814, '2002-03-07', 'Danni', 'Steggles', 'Huanggang', 'TI', '268-506-4577', 'NombresIdPersona@gmail.co', '157795086-0');
insert into Persona (IdPersona, NumDocumento, FechaExpedicion, Nombres, Apellidos, LugarExpedicion, TipoDocumento, telefono, email, Direccion) values (100, 2766564, '1997-07-04', 'Derk', 'Fettis', 'Pingyang', 'CC', '047-513-2085', 'NombresIdPersona@gmail.co', '152089545-3');

INSERT INTO EstudiantePrograma (IdEstudiantePrograma, IdPersona, IdPrograma, CodEstudiante, IdPensum)
VALUES
(1,3,1,123456,1),
(2,13,1,456789,1),
(3,14,1,789456,1),
(4,19,1,456123,1),
(5,18,1,369258,1),
(6,16,1,147258,1),
(7,11,1,456987,1),
(8,15,1,654123,1),
(9,17,1,658986,1),
(10,12,1,879621,1),
(11,2,1,159874,1),
(12,5,1,123587,1),
(13,4,1,452123,1),
(14,8,1,632479,1),
(15,7,1,145212,1),
(16,6,1,986214,1),
(17,9,1,852159,1),
(18,1,1,965789,1),
(19,19,1,267541,1);


insert into docente (coddocente, idpersona, area) values (1, 53, 'Matematicas');
insert into docente (coddocente, idpersona, area) values (2, 24, 'Matematicas');
insert into docente (coddocente, idpersona, area) values (3, 97, 'Matematicas');
insert into docente (coddocente, idpersona, area) values (4, 70, 'Matematicas');
insert into docente (coddocente, idpersona, area) values (5, 11, 'Matematicas');
insert into docente (coddocente, idpersona, area) values (6, 87, 'Matematicas');
insert into docente (coddocente, idpersona, area) values (7, 16, 'Sociales');
insert into docente (coddocente, idpersona, area) values (8, 86, 'Sociales');
insert into docente (coddocente, idpersona, area) values (9, 73, 'Sociales');
insert into docente (coddocente, idpersona, area) values (10, 58, 'Sociales');
insert into docente (coddocente, idpersona, area) values (11, 55, 'Sociales');
insert into docente (coddocente, idpersona, area) values (12, 8, 'Sociales');
insert into docente (coddocente, idpersona, area) values (13, 4, 'Sociales');
insert into docente (coddocente, idpersona, area) values (14, 58, 'Ingles');
insert into docente (coddocente, idpersona, area) values (15, 74, 'Ingles');
insert into docente (coddocente, idpersona, area) values (16, 29, 'Ingles');
insert into docente (coddocente, idpersona, area) values (17, 24, 'Ingles');
insert into docente (coddocente, idpersona, area) values (18, 60, 'Ingles');
insert into docente (coddocente, idpersona, area) values (19, 31, 'Ingles');
insert into docente (coddocente, idpersona, area) values (20, 24, 'Calculo');
insert into docente (coddocente, idpersona, area) values (21, 40, 'Calculo');
insert into docente (coddocente, idpersona, area) values (22, 61, 'Calculo');
insert into docente (coddocente, idpersona, area) values (23, 42, 'Calculo');
insert into docente (coddocente, idpersona, area) values (24, 48, 'Calculo');
insert into docente (coddocente, idpersona, area) values (25, 42, 'Calculo');
insert into docente (coddocente, idpersona, area) values (26, 59, 'Ingenieria');
insert into docente (coddocente, idpersona, area) values (27, 35, 'Ingenieria');
insert into docente (coddocente, idpersona, area) values (28, 29, 'Ingenieria');
insert into docente (coddocente, idpersona, area) values (29, 17, 'Ingenieria');
insert into docente (coddocente, idpersona, area) values (30, 73, 'Ingenieria');
insert into docente (coddocente, idpersona, area) values (31, 64, 'Ingenieria');
insert into docente (coddocente, idpersona, area) values (32, 55, 'Ingenieria');
insert into docente (coddocente, idpersona, area) values (33, 6, 'Ingenieria');
insert into docente (coddocente, idpersona, area) values (34, 38, 'Ingenieria');
insert into docente (coddocente, idpersona, area) values (35, 55, 'Medicina');
insert into docente (coddocente, idpersona, area) values (36, 25, 'Medicina');
insert into docente (coddocente, idpersona, area) values (37, 8, 'Medicina');
insert into docente (coddocente, idpersona, area) values (38, 83, 'Medicina');
insert into docente (coddocente, idpersona, area) values (39, 69, 'Medicina');
insert into docente (coddocente, idpersona, area) values (40, 47, 'Medicina');
insert into docente (coddocente, idpersona, area) values (41, 46, 'Medicina');
insert into docente (coddocente, idpersona, area) values (42, 5, 'Medicina');
insert into docente (coddocente, idpersona, area) values (43, 7, 'Medicina');
insert into docente (coddocente, idpersona, area) values (44, 41, 'Medicina');
insert into docente (coddocente, idpersona, area) values (45, 65, 'Medicina');
insert into docente (coddocente, idpersona, area) values (46, 43, 'Medicina');
insert into docente (coddocente, idpersona, area) values (47, 52, 'Medicina');
insert into docente (coddocente, idpersona, area) values (48, 22, 'Artes');
insert into docente (coddocente, idpersona, area) values (49, 53, 'Artes');
insert into docente (coddocente, idpersona, area) values (50, 83, 'Artes');
insert into docente (coddocente, idpersona, area) values (51, 50, 'Artes');
insert into docente (coddocente, idpersona, area) values (52, 34, 'Artes');
insert into docente (coddocente, idpersona, area) values (53, 98, 'Artes');
insert into docente (coddocente, idpersona, area) values (54, 11, 'Artes');
insert into docente (coddocente, idpersona, area) values (55, 10, 'Artes');
insert into docente (coddocente, idpersona, area) values (56, 47, 'Artes');
insert into docente (coddocente, idpersona, area) values (57, 77, 'Artes');
insert into docente (coddocente, idpersona, area) values (58, 58, 'Artes');
insert into docente (coddocente, idpersona, area) values (59, 67, 'Artes');
insert into docente (coddocente, idpersona, area) values (60, 37, 'Artes');
insert into docente (coddocente, idpersona, area) values (61, 23, 'Artes');
insert into docente (coddocente, idpersona, area) values (62, 89, 'Artes');
insert into docente (coddocente, idpersona, area) values (63, 56, 'Arquitectura');
insert into docente (coddocente, idpersona, area) values (64, 55, 'Arquitectura');
insert into docente (coddocente, idpersona, area) values (65, 38, 'Arquitectura');
insert into docente (coddocente, idpersona, area) values (66, 20, 'Arquitectura');
insert into docente (coddocente, idpersona, area) values (67, 63, 'Arquitectura');
insert into docente (coddocente, idpersona, area) values (68, 94, 'Arquitectura');
insert into docente (coddocente, idpersona, area) values (69, 59, 'Arquitectura');
insert into docente (coddocente, idpersona, area) values (70, 33, 'Arquitectura');
insert into docente (coddocente, idpersona, area) values (71, 40, 'Arquitectura');
insert into docente (coddocente, idpersona, area) values (72, 67, 'Arquitectura');
insert into docente (coddocente, idpersona, area) values (73, 74, 'Arquitectura');
insert into docente (coddocente, idpersona, area) values (74, 65, 'Arquitectura');
insert into docente (coddocente, idpersona, area) values (75, 33, 'Humanidades');
insert into docente (coddocente, idpersona, area) values (76, 46, 'Humanidades');
insert into docente (coddocente, idpersona, area) values (77, 13, 'Humanidades');
insert into docente (coddocente, idpersona, area) values (78, 14, 'Humanidades');
insert into docente (coddocente, idpersona, area) values (79, 41, 'Humanidades');
insert into docente (coddocente, idpersona, area) values (80, 42, 'Humanidades');
insert into docente (coddocente, idpersona, area) values (81, 78, 'Humanidades');
insert into docente (coddocente, idpersona, area) values (82, 88, 'Humanidades');
insert into docente (coddocente, idpersona, area) values (83, 13, 'Humanidades');
insert into docente (coddocente, idpersona, area) values (84, 41, 'Humanidades');
insert into docente (coddocente, idpersona, area) values (85, 81, 'Humanidades');
insert into docente (coddocente, idpersona, area) values (86, 51, 'Humanidades');
insert into docente (coddocente, idpersona, area) values (87, 35, 'Humanidades');
insert into docente (coddocente, idpersona, area) values (88, 3, 'Humanidades');
insert into docente (coddocente, idpersona, area) values (89, 53, 'Humanidades');
insert into docente (coddocente, idpersona, area) values (90, 55, 'Ingenieria');
insert into docente (coddocente, idpersona, area) values (91, 28, 'Ingenieria');
insert into docente (coddocente, idpersona, area) values (92, 56, 'Ingenieria');
insert into docente (coddocente, idpersona, area) values (93, 46, 'Ingenieria');
insert into docente (coddocente, idpersona, area) values (94, 84, 'Ingenieria');
insert into docente (coddocente, idpersona, area) values (95, 99, 'Ingenieria');
insert into docente (coddocente, idpersona, area) values (96, 55, 'Ingenieria');
insert into docente (coddocente, idpersona, area) values (97, 13, 'Ingenieria');
insert into docente (coddocente, idpersona, area) values (98, 96, 'Ingenieria');
insert into docente (coddocente, idpersona, area) values (99, 8, 'Ingenieria');
insert into docente (coddocente, idpersona, area) values (100, 67, 'Ingenieria');


INSERT INTO Asignatura (IdAsignatura, IdNivelPensum, Nombre, Creditos, AreaConocimientos, HoraSemestrePresencial,HoraSemestreTrabajoIndepen)
 VALUES
(1,1,'Matematicas 1',3,'Disiplinar',8,16),
(2,2,'Matematicas 2',3,'Disiplinar',8,16),
(3,3,'Matematicas 3',3,'Disiplinar',8,16),
(4,4,'Matematicas 4',3,'Disiplinar',8,16),
(5,5,'Matematicas 5',3,'Disiplinar',8,16),
(6,1,'Bases datos 1',3,'Interdisiplinar',8,16),
(7,2,'Bases datos 2',3,'Interdisiplinar',8,16),
(8,1,'Programacion 1',3,'Interdisiplinar',8,16),
(9,2,'Programacion 2',3,'Interdisiplinar',8,16),
(10,1,'Humanidades 1',3,'Disiplinar',8,16),
(11,2,'Humanidades 2',3,'Disiplinar',8,16),
(12,1,'Fisica 1',3,'Interdisiplinar',8,16),
(13,2,'fisica 2',3,'Interdisiplinar',8,16),
(14,2,'quimica',3,'Interdisiplinar',8,16),
(15,3,'Fisica 3',3,'Interdisiplinar',8,16),
(16,4,'fisica 4',3,'Interdisiplinar',8,16),
(17,3,'Humanidades 3',3,'Interdisiplinar',8,16),
(18,4,'Humanidades 4',3,'Interdisiplinar',8,16),
(19,1,'Algoritmos 1',3,'Interdisiplinar',8,16),
(20,2,'Algoritmos 2',3,'Interdisiplinar',8,16),
(21,3,'Algoritmos 3',3,'Interdisiplinar',8,16),
(22,4,'Algoritmos 4',3,'Interdisiplinar',8,16),
(23,3,'Frameworks 1',3,'Interdisiplinar',8,16),
(24,4,'Frameworks 2',3,'Interdisiplinar',8,16),
(25,5,'Frameworks 3',3,'Interdisiplinar',8,16),
(26,5,'Machine Learning 1',3,'Interdisiplinar',8,16),
(27,5,'Motores de DB 1',3,'Interdisiplinar',8,16),
(28,5,'Web Development 1',3,'Interdisiplinar',8,16),
(29,5,'IOS Development 1',3,'Interdisiplinar',8,16),
(30,6,'Frameworks 4',3,'Interdisiplinar',8,16),
(31,6,'Machine Learning 2',3,'Interdisiplinar',8,16),
(32,6,'Motores de DB 2',3,'Interdisiplinar',8,16),
(33,6,'Web Development 2',3,'Interdisiplinar',8,16),
(34,6,'IOS Development 2',3,'Interdisiplinar',8,16),
(35,6,'Eica',3,'Disiplinar',8,16);

insert into grupo (idgrupo, idasignatura, coddocente) values (1, 8, 10);
insert into grupo (idgrupo, idasignatura, coddocente) values (2, 1, 18);
insert into grupo (idgrupo, idasignatura, coddocente) values (3, 16, 52);
insert into grupo (idgrupo, idasignatura, coddocente) values (4, 6, 62);
insert into grupo (idgrupo, idasignatura, coddocente) values (5, 8, 42);
insert into grupo (idgrupo, idasignatura, coddocente) values (6, 26, 27);
insert into grupo (idgrupo, idasignatura, coddocente) values (7, 21, 95);
insert into grupo (idgrupo, idasignatura, coddocente) values (8, 8, 64);
insert into grupo (idgrupo, idasignatura, coddocente) values (9, 19, 42);
insert into grupo (idgrupo, idasignatura, coddocente) values (10, 14, 89);
insert into grupo (idgrupo, idasignatura, coddocente) values (11, 27, 84);
insert into grupo (idgrupo, idasignatura, coddocente) values (12, 27, 54);
insert into grupo (idgrupo, idasignatura, coddocente) values (13, 9, 63);
insert into grupo (idgrupo, idasignatura, coddocente) values (14, 7, 45);
insert into grupo (idgrupo, idasignatura, coddocente) values (15, 15, 44);
insert into grupo (idgrupo, idasignatura, coddocente) values (16, 24, 87);
insert into grupo (idgrupo, idasignatura, coddocente) values (17, 10, 77);
insert into grupo (idgrupo, idasignatura, coddocente) values (18, 17, 58);
insert into grupo (idgrupo, idasignatura, coddocente) values (19, 19, 85);
insert into grupo (idgrupo, idasignatura, coddocente) values (20, 20, 34);
insert into grupo (idgrupo, idasignatura, coddocente) values (21, 1, 73);
insert into grupo (idgrupo, idasignatura, coddocente) values (22, 26, 11);
insert into grupo (idgrupo, idasignatura, coddocente) values (23, 28, 57);
insert into grupo (idgrupo, idasignatura, coddocente) values (24, 29, 92);
insert into grupo (idgrupo, idasignatura, coddocente) values (25, 13, 96);
insert into grupo (idgrupo, idasignatura, coddocente) values (26, 20, 69);
insert into grupo (idgrupo, idasignatura, coddocente) values (27, 30, 33);
insert into grupo (idgrupo, idasignatura, coddocente) values (28, 22, 58);
insert into grupo (idgrupo, idasignatura, coddocente) values (29, 19, 90);
insert into grupo (idgrupo, idasignatura, coddocente) values (30, 15, 43);
insert into grupo (idgrupo, idasignatura, coddocente) values (31, 16, 15);
insert into grupo (idgrupo, idasignatura, coddocente) values (32, 16, 4);
insert into grupo (idgrupo, idasignatura, coddocente) values (33, 21, 50);
insert into grupo (idgrupo, idasignatura, coddocente) values (34, 17, 80);
insert into grupo (idgrupo, idasignatura, coddocente) values (35, 15, 92);
insert into grupo (idgrupo, idasignatura, coddocente) values (36, 3, 7);
insert into grupo (idgrupo, idasignatura, coddocente) values (37, 8, 78);
insert into grupo (idgrupo, idasignatura, coddocente) values (38, 16, 26);
insert into grupo (idgrupo, idasignatura, coddocente) values (39, 7, 20);
insert into grupo (idgrupo, idasignatura, coddocente) values (40, 2, 24);
insert into grupo (idgrupo, idasignatura, coddocente) values (41, 11, 73);
insert into grupo (idgrupo, idasignatura, coddocente) values (42, 26, 4);
insert into grupo (idgrupo, idasignatura, coddocente) values (43, 29, 24);
insert into grupo (idgrupo, idasignatura, coddocente) values (44, 2, 92);
insert into grupo (idgrupo, idasignatura, coddocente) values (45, 20, 26);
insert into grupo (idgrupo, idasignatura, coddocente) values (46, 6, 34);
insert into grupo (idgrupo, idasignatura, coddocente) values (47, 3, 78);
insert into grupo (idgrupo, idasignatura, coddocente) values (48, 12, 12);
insert into grupo (idgrupo, idasignatura, coddocente) values (49, 8, 98);
insert into grupo (idgrupo, idasignatura, coddocente) values (50, 15, 21);
insert into grupo (idgrupo, idasignatura, coddocente) values (51, 9, 75);
insert into grupo (idgrupo, idasignatura, coddocente) values (52, 15, 22);
insert into grupo (idgrupo, idasignatura, coddocente) values (53, 28, 81);
insert into grupo (idgrupo, idasignatura, coddocente) values (54, 12, 78);
insert into grupo (idgrupo, idasignatura, coddocente) values (55, 6, 60);
insert into grupo (idgrupo, idasignatura, coddocente) values (56, 8, 44);
insert into grupo (idgrupo, idasignatura, coddocente) values (57, 10, 63);
insert into grupo (idgrupo, idasignatura, coddocente) values (58, 2, 20);
insert into grupo (idgrupo, idasignatura, coddocente) values (59, 2, 83);
insert into grupo (idgrupo, idasignatura, coddocente) values (60, 3, 37);
insert into grupo (idgrupo, idasignatura, coddocente) values (61, 16, 70);
insert into grupo (idgrupo, idasignatura, coddocente) values (62, 23, 84);
insert into grupo (idgrupo, idasignatura, coddocente) values (63, 22, 42);
insert into grupo (idgrupo, idasignatura, coddocente) values (64, 10, 73);
insert into grupo (idgrupo, idasignatura, coddocente) values (65, 27, 70);
insert into grupo (idgrupo, idasignatura, coddocente) values (66, 15, 44);
insert into grupo (idgrupo, idasignatura, coddocente) values (67, 12, 93);
insert into grupo (idgrupo, idasignatura, coddocente) values (68, 12, 89);
insert into grupo (idgrupo, idasignatura, coddocente) values (69, 29, 56);
insert into grupo (idgrupo, idasignatura, coddocente) values (70, 16, 12);
insert into grupo (idgrupo, idasignatura, coddocente) values (71, 4, 58);
insert into grupo (idgrupo, idasignatura, coddocente) values (72, 20, 15);
insert into grupo (idgrupo, idasignatura, coddocente) values (73, 29, 41);
insert into grupo (idgrupo, idasignatura, coddocente) values (74, 21, 76);
insert into grupo (idgrupo, idasignatura, coddocente) values (75, 16, 89);
insert into grupo (idgrupo, idasignatura, coddocente) values (76, 6, 58);
insert into grupo (idgrupo, idasignatura, coddocente) values (77, 29, 27);
insert into grupo (idgrupo, idasignatura, coddocente) values (78, 29, 11);
insert into grupo (idgrupo, idasignatura, coddocente) values (79, 15, 25);
insert into grupo (idgrupo, idasignatura, coddocente) values (80, 22, 64);
insert into grupo (idgrupo, idasignatura, coddocente) values (81, 9, 31);
insert into grupo (idgrupo, idasignatura, coddocente) values (82, 27, 28);
insert into grupo (idgrupo, idasignatura, coddocente) values (83, 13, 72);
insert into grupo (idgrupo, idasignatura, coddocente) values (84, 11, 13);
insert into grupo (idgrupo, idasignatura, coddocente) values (85, 18, 52);
insert into grupo (idgrupo, idasignatura, coddocente) values (86, 24, 39);
insert into grupo (idgrupo, idasignatura, coddocente) values (87, 7, 92);
insert into grupo (idgrupo, idasignatura, coddocente) values (88, 21, 35);
insert into grupo (idgrupo, idasignatura, coddocente) values (89, 16, 39);
insert into grupo (idgrupo, idasignatura, coddocente) values (90, 14, 74);
insert into grupo (idgrupo, idasignatura, coddocente) values (91, 12, 48);
insert into grupo (idgrupo, idasignatura, coddocente) values (92, 24, 92);
insert into grupo (idgrupo, idasignatura, coddocente) values (93, 6, 100);
insert into grupo (idgrupo, idasignatura, coddocente) values (94, 7, 12);
insert into grupo (idgrupo, idasignatura, coddocente) values (95, 13, 34);
insert into grupo (idgrupo, idasignatura, coddocente) values (96, 9, 3);
insert into grupo (idgrupo, idasignatura, coddocente) values (97, 16, 20);
insert into grupo (idgrupo, idasignatura, coddocente) values (98, 19, 54);
insert into grupo (idgrupo, idasignatura, coddocente) values (99, 2, 79);
insert into grupo (idgrupo, idasignatura, coddocente) values (100, 5, 56);
